{"cameraMode":{"drawMode":0,"name":"Shaded","section":"Shading Mode"},"sceneLighting":false,"audioPlay":false,"sceneViewState":{"showFog":true,"showMaterialUpdate":false,"showSkybox":false,"showFlares":true,"showImageEffects":true,"showParticleSystems":true},"in2DMode":false,"pivot":{"x":0.0,"y":-0.007500000298023224,"z":-0.0009999996982514859},"rotation":{"x":-0.09013159573078156,"y":0.5654167532920837,"z":-0.062339190393686298,"w":-0.8174926042556763},"size":0.13401617109775544,"orthographic":false}