{"cameraMode":{"drawMode":0,"name":"Shaded","section":"Shading Mode"},"sceneLighting":false,"audioPlay":false,"sceneViewState":{"showFog":true,"showMaterialUpdate":false,"showSkybox":false,"showFlares":true,"showImageEffects":true,"showParticleSystems":true},"in2DMode":false,"pivot":{"x":0.03674221411347389,"y":-0.016600001603364946,"z":-0.01030002348124981},"rotation":{"x":0.06878139078617096,"y":-0.3777548372745514,"z":-0.028152799233794214,"w":-0.9229181408882141},"size":0.3221852779388428,"orthographic":false}