{"cameraMode":{"drawMode":0,"name":"Shaded","section":"Shading Mode"},"sceneLighting":false,"audioPlay":false,"sceneViewState":{"showFog":true,"showMaterialUpdate":false,"showSkybox":false,"showFlares":true,"showImageEffects":true,"showParticleSystems":true},"in2DMode":false,"pivot":{"x":0.040861692279577258,"y":-0.05991942062973976,"z":1.0271309614181519},"rotation":{"x":0.06878139078617096,"y":-0.3777548372745514,"z":-0.028152799233794214,"w":-0.9229181408882141},"size":0.735429048538208,"orthographic":false}