{"cameraMode":{"drawMode":0,"name":"Shaded","section":"Shading Mode"},"sceneLighting":false,"audioPlay":false,"sceneViewState":{"showFog":true,"showMaterialUpdate":false,"showSkybox":false,"showFlares":true,"showImageEffects":true,"showParticleSystems":true},"in2DMode":false,"pivot":{"x":0.03896670043468475,"y":-0.05991942062973976,"z":1.0271309614181519},"rotation":{"x":0.2739332914352417,"y":0.4088183343410492,"z":-0.13010524213314057,"w":0.8607559204101563},"size":0.7395328283309937,"orthographic":false}